<modification>
   <name><![CDATA[<b>Cedcommerce Lazada Importer</b>]]></name>
   <code>CedcommerceLazadaImporter</code>
   <version><![CDATA[<b>1.0.1</b>]]></version>
   <author><![CDATA[<b>Cedcommerce</b>]]></author>
   <file path="admin/controller/common/menu.php">
        <operation error="skip">
                <search><![CDATA[$data['text_openbay_order_import'] = $this->language->get('text_openbay_order_import');]]></search>
          <add position="after"><![CDATA[
          /************* Lazada Importer Menu Start *************/
          $lazada_importer_status = $this->config->get('lazada_importer_status');
          $data['lazada_importer_status'] = $lazada_importer_status;
          if($lazada_importer_status){
            $data['text_lazada_importer'] = $this->language->get('text_lazada_importer');
            $data['text_lazada_importer_import_setting'] = $this->language->get('text_lazada_importer_import_setting');
            $data['text_lazada_importer_import_product'] = $this->language->get('text_lazada_importer_import_product');
            $data['text_lazada_importer_import_category'] = $this->language->get('text_lazada_importer_import_category');
            $data['text_lazada_importer_configuration'] = $this->language->get('text_lazada_importer_configuration');
            $data['lazada_importer_import_setting'] = $this->url->link('lazada_importer/setting', 'token=' . $this->session->data['token'], 'SSL');
            $data['lazada_importer_import_product'] = $this->url->link('lazada_importer/product', 'token=' . $this->session->data['token'], 'SSL');
            $data['lazada_importer_import_category'] = $this->url->link('lazada_importer/category', 'token=' . $this->session->data['token'], 'SSL');
            $data['lazada_importer_configuration'] = $this->url->link('module/lazada_importer', 'token=' . $this->session->data['token'], 'SSL');
          }
          

          /************* Lazada Importer Menu End *************/
          ]]></add>
        </operation>
   </file>
   <file path="admin/language/*/common/menu.php">
        <operation error="skip">
                <search><![CDATA[$_['text_affiliate']                   = 'Affiliates';]]></search>
          <add position="after"><![CDATA[
          /************* Lazada Importer Menu Language Start *************/
          $_['text_lazada_importer'] = 'Lazada Importer';
          $_['text_lazada_importer_import_setting'] = 'Import Settings';
          $_['text_lazada_importer_import_product'] = 'Product Import';
          $_['text_lazada_importer_import_category'] = 'Category Import';
          $_['text_lazada_importer_configuration'] = 'Configuration';
          /************* Lazada Importer Menu Language End *************/
          ]]></add>
        </operation>
   </file>
    <file path="admin/view/template/common/menu.tpl">
        <operation error="skip">
          <search><![CDATA[<li id="sale"><a class="parent"><i class="fa fa-shopping-cart fa-fw"></i> <span><?php echo $text_sale; ?></span></a>]]></search>
          <add position="before"><![CDATA[
          <?php if($lazada_importer_status){ ?>
           <li><a class="parent"><i class="icon-AdminCedLazadaImporter"></i> <span><?php echo $text_lazada_importer; ?></span></a>
                      <ul>
                         <li><a href="<?php echo $lazada_importer_import_setting; ?>"><?php echo $text_lazada_importer_import_setting; ?></a></li>
                         <li><a href="<?php echo $lazada_importer_import_product; ?>"><?php echo $text_lazada_importer_import_product; ?></a></li>
                         <li><a href="<?php echo $lazada_importer_import_category; ?>"><?php echo $text_lazada_importer_import_category; ?></a></li>
                         <li><a href="<?php echo $lazada_importer_configuration; ?>"><?php echo $text_lazada_importer_configuration; ?></a></li>
                      </ul>
                 </li>
                   <style>
			.icon-AdminCedLazadaImporter::before, .icon-AdminCedLazadaImporter::before 
	                {
	                  content: "CLI";
	                }
                   </style>
         <?php } ?>
          ]]></add>
        </operation>
   </file>
</modification>